<beans xmlns="http://www.springframework.org/schema/beans"
       xmlns:xsi="http://www.w3.org/2001/XMLSchema-instance"
       xmlns:context="http://www.springframework.org/schema/context"
       xmlns:mvc="http://www.springframework.org/schema/mvc"
       xmlns:p="http://www.springframework.org/schema/p"
       xsi:schemaLocation="http://www.springframework.org/schema/beans
        http://www.springframework.org/schema/beans/spring-beans.xsd
        http://www.springframework.org/schema/context
        http://www.springframework.org/schema/context/spring-context.xsd
        http://www.springframework.org/schema/mvc
        http://www.springframework.org/schema/mvc/spring-mvc.xsd">

    <context:component-scan base-package="com.seckeep.controllers">
        <context:include-filter type="annotation"
                                expression="org.springframework.web.bind.annotation.ControllerAdvice"/>
    </context:component-scan>
    <mvc:annotation-driven></mvc:annotation-driven>


    <bean id="velocityConfig"
          class="org.springframework.web.servlet.view.velocity.VelocityConfigurer">
        <property name="resourceLoaderPath" value="/WEB-INF" />
        <property name="velocityProperties">
            <props>
                <prop key="input.encoding">utf-8</prop>
                <prop key="output.encoding">utf-8</prop>
                <prop key="velocimacro.library.autoreload">true</prop>
            </props>
        </property>

    </bean>


    <bean id="viewResolver" class="org.springframework.web.servlet.view.velocity.VelocityViewResolver">
        <property name="order" value="0"/>
        <property name="contentType" value="text/html;charset=utf-8"/>
        <property name="requestContextAttribute" value="rc"/>
        <property name="exposeRequestAttributes" value="true"/>
        <property name="allowRequestOverride" value="true"/>
        <property name="cache" value="true"/>
        <property name="prefix" value=""/>
        <property name="suffix" value=".vm"/>
        <property name="exposeSessionAttributes" value="true" />

    </bean>


    <!--jsp视图解析器-->
    <bean id="jspViewResolver" class="org.springframework.web.servlet.view.UrlBasedViewResolver">
        <property name="order" value="1"/>
        <property name="viewClass" value="org.springframework.web.servlet.view.JstlView"/>
        <property name="contentType" value="text/html"/>
        <property name="prefix" value="/WEB-INF/jsp/"/>
        <property name="suffix" value=".jsp"/>
    </bean>

    <!-- 定义文件上传解析器 -->
    <bean id="multipartResolver"
          class="org.springframework.web.multipart.commons.CommonsMultipartResolver">
        <!-- 设定默认编码 -->
        <property name="defaultEncoding" value="UTF-8"></property>
        <!-- 设定文件上传的最大值5MB，5*1024*1024 -->
        <property name="maxUploadSize" value="5242880"></property>
    </bean>

</beans>


