<?xml version="1.0" encoding="UTF-8"?>
<!DOCTYPE mapper PUBLIC "-//mybatis.org//DTD Mapper 3.0//EN" "http://mybatis.org/dtd/mybatis-3-mapper.dtd">
<mapper namespace="post">
    <select id="select"  resultType="com.seckeep.models.Mpost">
        select * from post
    </select>
    <select id="find"  resultType="com.seckeep.models.Mpost" >
        select * from post WHERE pid=${pid}
    </select>
    <select id="search" parameterType="com.seckeep.models.Mpost" resultType="com.seckeep.models.Mpost">
        select * from post WHERE title like '%${title}%'
    </select>

    <select id="secsearch" parameterType="com.seckeep.models.Mpost" resultType="com.seckeep.models.Mpost">
        select * from post WHERE title LIKE CONCAT('%',#{title},'%')
    </select>

    <update id="update" parameterType="com.seckeep.models.Mpost">
        UPDATE post SET title='${title}',content='${content}' WHERE pid=${pid}
        <selectKey resultType="int" keyProperty="pid">
            SELECT ROW_COUNT() AS VALUE
        </selectKey>
    </update>
    <delete id="delete" parameterType="com.seckeep.models.Mpost">
        DELETE FROM post WHERE pid=${pid}
    </delete>
    <insert id="insert" parameterType="com.seckeep.models.Mpost">
        INSERT INTO post(`username`,`title`, `content`) VALUES('${username}','${title}', '${content}')
        <selectKey resultType="int" keyProperty="pid">
            SELECT LAST_INSERT_ID() as VALUE
        </selectKey>
    </insert>
</mapper>

